frame,track_id,x1,y1,x2,y2,contact_x,contact_y,source
4,1,298,264,639,479,468,479,motion
5,1,295,264,629,479,462,479,motion
6,1,295,264,633,479,464,479,motion
7,1,267,264,631,479,449,479,motion
8,1,280,264,634,479,457,479,motion
9,1,287,264,629,479,458,479,motion
10,1,291,264,628,479,459,479,motion
11,1,295,264,630,479,463,479,motion
12,1,273,264,634,472,454,472,motion
13,1,288,264,636,448,462,448,motion
14,1,262,264,637,433,450,433,motion
15,1,283,264,638,428,460,428,motion
16,1,292,264,638,419,465,419,motion
17,1,300,264,638,414,469,414,motion
18,1,269,264,638,412,454,412,motion
19,1,251,264,638,412,445,412,motion
20,1,277,264,638,413,458,413,motion
21,1,292,264,638,413,465,413,motion
22,1,305,264,638,414,472,414,motion
23,1,314,264,638,416,476,416,motion
24,1,275,264,638,418,457,418,motion
25,1,298,264,638,420,468,420,motion
25,3,233,339,272,370,254,370,motion
26,1,265,264,638,421,452,421,motion
26,3,233,339,272,370,254,370,motion
27,1,247,264,638,425,443,425,motion
27,3,233,339,272,370,254,370,motion
27,5,0,310,41,368,23,368,motion
28,1,236,264,638,421,437,421,motion
28,3,233,339,272,370,254,370,motion
28,5,1,305,41,368,28,368,motion
29,1,356,271,638,424,497,424,motion
29,3,229,338,259,370,243,370,motion
29,5,0,303,42,368,31,368,motion
30,1,343,267,638,424,491,424,motion
30,3,229,338,259,370,243,370,motion
30,5,1,301,44,368,34,368,motion
31,1,289,266,634,424,461,424,motion
31,3,229,338,259,370,243,370,motion
31,5,1,300,46,368,35,368,motion
32,1,310,265,565,415,438,415,motion
32,3,225,334,266,370,245,370,motion
32,5,1,300,52,368,36,368,motion
33,1,323,264,589,420,456,420,motion
33,3,223,331,284,370,236,370,motion
33,5,4,302,55,368,38,368,motion
34,1,330,264,543,413,437,413,motion
34,3,221,329,274,370,230,370,motion
34,5,5,303,58,368,38,368,motion
35,1,335,264,516,409,426,409,motion
35,3,219,329,278,370,239,370,motion
35,5,6,303,59,368,40,368,motion
35,7,531,309,629,404,601,404,motion
36,1,278,264,570,408,424,408,motion
36,3,219,329,278,370,239,370,motion
36,5,3,303,64,369,37,369,motion
36,7,531,309,629,404,601,404,motion
37,1,309,264,551,407,430,407,motion
37,3,217,328,282,371,244,371,motion
37,5,2,303,62,369,34,369,motion
37,7,544,311,628,391,598,391,motion
38,1,326,264,542,408,434,408,motion
38,3,214,328,282,371,245,371,motion
38,5,1,304,63,369,33,369,motion
38,7,556,313,633,380,607,380,motion
39,1,336,264,541,409,439,409,motion
39,3,213,328,279,371,244,371,motion
39,5,4,304,64,369,39,369,motion
39,7,567,313,635,374,602,374,motion
40,1,343,264,585,409,464,409,motion
40,3,205,327,281,371,242,371,motion
40,5,4,304,64,369,39,369,motion
40,7,567,313,635,374,602,374,motion
41,1,345,264,569,406,457,406,motion
41,3,200,327,285,372,231,372,motion
41,5,4,304,64,369,39,369,motion
41,7,582,318,637,371,618,371,motion
42,1,349,264,561,405,455,405,motion
42,3,198,324,287,372,226,372,motion
42,5,4,304,64,369,39,369,motion
42,7,595,320,638,365,621,365,motion
43,1,351,264,561,405,456,405,motion
43,3,197,319,287,372,223,372,motion
43,5,6,316,58,369,43,369,motion
43,7,595,320,638,365,621,365,motion
44,1,347,264,565,405,456,405,motion
44,3,198,316,287,373,224,373,motion
44,5,24,308,69,360,47,360,motion
44,7,595,320,638,365,621,365,motion
45,1,345,264,548,409,446,409,motion
45,3,200,312,287,373,223,373,motion
45,5,30,295,89,349,58,349,motion
45,7,595,320,638,365,621,365,motion
46,1,190,264,564,408,377,408,motion
46,3,200,312,287,373,223,373,motion
46,5,30,295,89,349,58,349,motion
46,7,595,320,638,365,621,365,motion
47,1,104,264,586,409,345,409,motion
47,3,200,312,287,373,223,373,motion
47,5,30,295,89,349,58,349,motion
47,7,595,320,638,365,621,365,motion
48,1,104,264,586,409,345,409,motion
48,3,200,312,287,373,223,373,motion
48,5,45,302,100,352,73,352,motion
49,1,214,294,517,393,373,393,motion
49,3,200,312,287,373,223,373,motion
49,5,45,302,100,352,73,352,motion
50,1,276,280,531,385,407,385,motion
50,3,200,312,287,373,223,373,motion
50,5,25,285,126,361,75,361,motion
51,1,231,273,579,399,448,399,motion
51,5,25,285,126,361,75,361,motion
52,1,205,269,606,407,473,407,motion
52,5,25,285,126,361,75,361,motion
53,1,275,297,542,402,446,402,motion
53,5,25,285,126,361,75,361,motion
54,1,315,282,585,412,471,412,motion
54,5,25,285,126,361,75,361,motion
55,1,337,274,609,418,484,418,motion
55,5,25,285,126,361,75,361,motion
55,11,291,323,325,369,307,369,motion
56,1,349,269,564,411,463,411,motion
56,5,13,298,83,359,50,359,motion
56,11,292,327,326,369,308,369,motion
56,13,172,318,259,379,216,379,motion
57,1,355,275,598,419,480,419,motion
57,5,13,298,83,359,50,359,motion
57,11,291,329,327,370,308,370,motion
57,13,169,318,255,378,207,378,motion
58,1,365,275,603,425,517,425,motion
58,5,7,308,56,354,32,354,motion
58,11,290,330,328,370,310,370,motion
58,13,167,319,256,378,207,378,motion
59,1,370,270,611,428,509,428,motion
59,5,7,308,56,354,32,354,motion
59,11,236,329,329,374,283,374,motion
59,13,167,319,256,378,207,378,motion
60,1,373,283,623,431,508,431,motion
60,5,7,308,56,354,32,354,motion
60,11,206,324,330,376,268,376,motion
60,13,167,319,256,378,207,378,motion
61,1,378,274,630,432,539,432,motion
61,5,7,308,56,354,32,354,motion
61,11,188,320,331,377,260,377,motion
61,13,167,319,256,378,207,378,motion
62,1,383,280,634,421,528,421,motion
62,5,4,308,42,353,23,353,motion
62,11,176,320,335,378,255,378,motion
62,13,167,319,256,378,207,378,motion
63,1,385,273,636,415,521,415,motion
63,5,4,308,42,353,23,353,motion
63,11,169,322,335,379,252,379,motion
63,13,167,319,256,378,207,378,motion
64,1,389,269,637,407,527,407,motion
64,5,4,308,42,353,23,353,motion
64,11,164,324,335,379,249,379,motion
65,1,390,266,627,411,516,411,motion
65,5,4,308,42,353,23,353,motion
65,11,160,323,336,379,248,379,motion
66,1,391,265,613,410,506,410,motion
66,5,4,308,42,353,23,353,motion
66,11,155,322,305,381,230,381,motion
67,1,391,264,611,405,503,405,motion
67,5,4,308,42,353,23,353,motion
67,11,152,322,320,382,236,382,motion
68,1,392,264,614,409,504,409,motion
68,11,149,322,330,382,240,382,motion
69,1,392,281,573,408,483,408,motion
69,11,147,323,300,382,223,382,motion
70,1,398,292,550,399,474,399,motion
70,11,144,323,283,382,214,382,motion
70,14,303,322,341,375,329,375,motion
71,1,401,298,538,394,470,394,motion
71,11,142,323,274,382,208,382,motion
71,14,306,321,343,375,331,375,motion
72,1,402,301,533,391,468,391,motion
72,11,139,323,266,382,203,382,motion
72,14,309,321,344,376,333,376,motion
73,1,405,302,549,391,477,391,motion
73,11,136,323,263,382,199,382,motion
73,14,310,321,346,377,335,377,motion
74,1,407,302,557,391,482,391,motion
74,11,131,323,261,383,196,383,motion
74,14,310,325,348,377,336,377,motion
75,1,410,302,561,391,485,391,motion
75,11,127,323,259,383,193,383,motion
75,14,310,324,350,378,339,378,motion
76,1,412,302,561,391,486,391,motion
76,11,123,323,255,383,177,383,motion
76,14,311,326,352,379,343,379,motion
77,1,415,300,561,397,488,397,motion
77,11,118,321,254,383,180,383,motion
77,14,312,323,353,381,346,381,motion
78,1,418,296,563,397,491,397,motion
78,11,115,322,251,383,179,383,motion
78,14,317,321,356,382,348,382,motion
79,1,421,294,568,397,495,397,motion
79,11,111,323,251,383,179,383,motion
79,14,320,324,358,382,350,382,motion
80,1,424,292,576,401,500,401,motion
80,11,107,320,247,383,176,383,motion
80,14,320,322,361,382,352,382,motion
81,1,417,279,604,404,511,404,motion
81,11,107,320,247,383,176,383,motion
81,14,320,322,361,382,352,382,motion
82,1,417,279,604,404,511,404,motion
82,11,107,320,247,383,176,383,motion
82,14,176,295,486,402,337,402,motion
83,1,353,272,620,407,486,407,motion
83,11,107,320,247,383,176,383,motion
83,14,96,281,488,395,296,395,motion
84,1,194,268,628,411,411,411,motion
84,11,107,320,247,383,176,383,motion
84,14,96,281,488,395,296,395,motion
85,1,188,266,633,405,410,405,motion
85,11,59,294,317,384,187,384,motion
85,14,96,281,488,395,296,395,motion
86,1,223,265,634,403,428,403,motion
86,11,32,280,277,384,151,384,motion
86,14,96,281,488,395,296,395,motion
87,1,326,264,636,407,481,407,motion
87,11,17,273,254,384,129,384,motion
87,14,96,281,488,395,296,395,motion
88,1,386,264,637,406,526,406,motion
88,11,9,269,241,384,122,384,motion
88,14,195,293,450,393,324,393,motion
89,1,421,272,638,405,537,405,motion
89,11,5,284,234,385,117,385,motion
89,14,258,298,428,392,350,392,motion
90,1,442,276,638,406,544,406,motion
90,11,13,293,227,385,119,385,motion
90,14,284,303,419,393,355,393,motion
91,1,456,273,638,404,549,404,motion
91,11,23,301,224,385,123,385,motion
91,14,304,305,414,394,361,394,motion
92,1,466,272,638,409,554,409,motion
92,11,27,303,219,385,122,385,motion
92,14,315,305,410,395,364,395,motion
93,1,475,273,638,405,557,405,motion
93,11,28,304,205,385,116,385,motion
93,14,323,305,411,397,368,397,motion
94,1,473,274,638,404,556,404,motion
94,11,27,308,206,385,117,385,motion
94,14,304,303,408,397,356,397,motion
95,1,483,279,638,409,561,409,motion
95,11,25,304,207,385,116,385,motion
95,14,319,308,409,399,364,399,motion
96,1,495,281,638,407,567,407,motion
96,11,22,296,206,385,114,385,motion
96,14,327,310,412,400,370,400,motion
97,1,495,281,638,407,567,407,motion
97,11,13,281,173,385,93,385,motion
97,14,244,289,514,405,379,405,motion
98,1,508,288,638,413,574,413,motion
98,11,7,284,185,385,96,385,motion
98,14,287,290,479,406,383,406,motion
99,1,519,293,638,413,579,413,motion
99,11,4,293,184,385,94,385,motion
99,14,316,290,461,407,388,407,motion
100,1,528,293,638,417,583,417,motion
100,11,2,299,179,385,91,385,motion
100,14,288,292,455,409,371,409,motion
101,1,532,293,638,416,585,416,motion
101,11,1,302,177,385,89,385,motion
101,14,271,298,454,410,363,410,motion
102,1,543,300,638,413,591,413,motion
102,11,0,304,176,385,88,385,motion
102,14,326,300,456,412,399,412,motion
103,1,548,299,638,407,593,407,motion
103,11,0,305,175,385,88,385,motion
103,14,341,299,459,410,405,410,motion
104,1,560,299,638,404,599,404,motion
104,11,0,306,174,384,87,384,motion
104,14,297,295,465,415,383,415,motion
105,1,569,299,638,405,604,405,motion
105,11,0,306,170,383,85,383,motion
105,14,342,301,469,418,411,418,motion
105,19,250,325,328,361,290,361,motion
106,1,579,296,638,405,609,405,motion+static
106,11,0,305,169,382,84,382,motion
106,14,356,304,472,417,417,417,motion
106,19,248,326,328,362,290,362,motion
107,1,586,300,638,405,612,405,motion+static
107,11,0,310,166,377,83,377,motion
107,14,364,306,477,417,422,417,motion
107,19,252,325,328,363,290,363,motion
108,1,597,302,638,404,618,404,motion
108,11,0,313,159,374,79,374,motion
108,14,371,300,484,417,429,417,motion
108,19,265,328,329,363,290,363,motion
109,1,597,302,638,404,618,404,motion
109,11,0,310,157,376,78,376,motion
109,14,376,298,500,427,439,427,motion
109,19,251,330,330,363,287,363,motion
110,1,597,302,638,404,618,404,motion
110,11,4,312,115,366,61,366,motion
110,14,394,296,511,422,453,422,motion
110,19,260,330,324,363,287,363,motion
111,1,597,302,638,404,618,404,motion
111,11,2,313,88,360,48,360,motion
111,14,392,297,518,419,455,419,motion
111,19,257,331,316,364,286,364,motion
112,1,597,302,638,404,618,404,motion
112,11,1,310,72,357,39,357,motion
112,14,405,297,526,417,466,417,motion
112,19,257,331,316,364,286,364,motion
112,20,100,322,150,352,137,352,motion
113,1,597,302,638,404,618,404,motion
113,11,0,312,61,358,34,358,motion
113,14,416,299,538,430,477,430,motion
113,19,257,331,315,363,290,363,motion
113,20,93,322,147,356,124,356,motion
114,11,0,312,58,356,31,356,motion
114,14,431,294,547,442,489,442,motion
114,19,257,331,315,363,290,363,motion
114,20,93,322,147,356,124,356,motion
115,11,0,312,49,355,26,355,motion
115,14,432,291,558,448,495,448,motion
115,19,256,333,320,364,291,364,motion
115,20,89,321,138,359,114,359,motion
116,11,0,312,48,350,23,350,motion
116,14,444,289,571,455,508,455,motion
116,19,256,333,320,364,291,364,motion
116,20,85,320,134,354,120,354,motion
117,11,0,312,44,346,20,346,motion
117,14,454,287,586,466,520,466,motion
117,19,258,334,325,365,293,365,motion
117,20,82,319,135,353,123,353,motion
118,11,0,311,40,345,19,345,motion
118,14,455,288,601,465,528,465,motion
118,19,258,334,325,365,293,365,motion
118,20,79,319,134,360,102,360,motion
119,11,0,311,36,342,17,342,motion
119,14,469,284,618,465,543,465,motion
119,19,258,334,325,365,293,365,motion
119,20,76,318,124,356,92,356,motion
120,11,0,311,36,342,17,342,motion
120,14,478,281,627,466,553,466,motion
120,19,258,334,325,365,293,365,motion
120,20,71,317,122,358,91,358,motion
121,11,4,313,70,349,17,349,motion
121,14,489,277,632,471,561,471,motion
121,19,258,334,325,365,293,365,motion
121,20,39,333,114,371,75,370,static
122,11,26,314,87,350,57,350,motion
122,14,502,283,635,468,569,468,motion
122,19,258,334,325,365,293,365,motion
122,20,39,333,114,371,75,370,static
123,11,32,315,95,351,57,351,motion
123,14,511,286,637,470,574,470,motion
123,20,21,342,107,377,64,376,static
124,11,31,315,93,351,52,351,motion
124,14,521,276,637,469,579,469,motion
124,20,11,347,101,380,58,379,static
125,11,31,315,93,351,52,351,motion
125,14,531,272,638,467,584,467,motion
125,20,6,350,98,382,54,381,static
126,11,31,315,91,351,45,351,motion
126,14,547,282,638,466,592,466,motion
126,20,3,351,94,383,51,382,static
127,11,18,315,89,347,63,347,motion
127,14,561,320,638,466,600,466,motion
127,20,1,352,91,383,48,382,static
127,23,496,416,640,480,618,479,static
128,11,26,314,87,346,72,346,motion
128,14,576,340,638,470,607,470,motion
128,20,1,352,88,383,45,382,static
128,23,496,416,640,480,618,479,static
129,11,26,314,87,346,72,346,motion
129,14,592,363,638,469,615,469,motion
129,20,0,352,85,383,44,382,static
129,22,284,340,344,370,303,370,motion
129,23,496,420,640,475,626,474,static
130,11,26,314,87,346,72,346,motion
130,14,592,363,638,469,615,469,motion
130,20,0,352,82,383,42,382,static
130,22,293,341,345,370,309,370,motion
130,23,496,420,640,475,626,474,static
131,11,26,314,87,346,72,346,motion
131,14,592,363,638,469,615,469,motion
131,20,0,352,79,384,41,383,static
131,22,291,340,346,371,309,371,motion
131,23,496,420,640,475,626,474,static
132,11,20,312,80,345,71,345,motion
132,14,592,363,638,469,615,469,motion
132,20,0,352,76,384,39,383,static
132,22,288,336,347,372,308,372,motion
132,23,496,420,640,475,626,474,static
133,11,20,312,80,345,71,345,motion
133,14,592,363,638,469,615,469,motion
133,20,0,350,74,384,38,383,static
133,22,287,334,348,372,309,372,motion
133,23,496,420,640,475,626,474,static
134,11,12,311,76,343,70,343,motion
134,14,592,363,638,469,615,469,motion
134,20,0,350,72,384,36,383,static
134,22,285,333,349,371,310,371,motion
134,23,496,420,640,475,626,474,static
135,11,12,311,76,343,70,343,motion
135,20,0,350,66,384,33,383,static
135,22,300,332,351,368,319,368,motion
136,11,12,311,76,343,70,343,motion
136,20,0,350,66,384,33,383,static
136,22,295,332,352,371,318,371,motion
137,11,7,310,65,342,61,342,motion
137,20,0,350,66,384,33,383,static
137,22,295,336,353,372,317,372,motion
138,11,7,310,65,342,61,342,motion
138,20,0,350,59,384,29,383,static
138,22,296,339,354,374,317,374,motion
139,11,7,310,65,342,61,342,motion
139,20,0,350,54,383,26,382,static
139,22,297,340,355,374,319,374,motion
140,11,7,310,65,342,61,342,motion
140,20,0,350,50,383,24,382,static
140,22,294,341,356,375,320,375,motion
141,11,7,310,65,342,61,342,motion
141,20,0,350,47,383,22,382,static
141,22,290,335,357,376,322,376,motion
142,11,7,310,65,342,61,342,motion
142,20,0,350,43,383,20,382,static
142,22,296,338,358,375,325,375,motion
143,20,0,350,43,383,20,382,static
143,22,301,334,359,375,327,375,motion
144,20,0,350,43,383,20,382,static
144,22,301,331,361,376,329,376,motion
145,20,0,350,43,383,20,382,static
145,22,302,334,364,376,330,376,motion
146,20,0,350,43,383,20,382,static
146,22,300,334,365,377,330,377,motion
147,20,0,350,43,383,20,382,static
147,22,299,331,367,378,332,378,motion
148,22,304,334,366,375,335,375,motion
149,22,307,338,369,377,338,377,motion
150,22,299,337,372,376,342,376,motion
151,22,304,339,375,378,343,378,motion
151,25,1,310,24,342,14,342,motion
152,22,303,334,378,380,345,380,motion
152,25,1,310,24,342,14,342,motion
153,22,310,338,382,382,348,382,motion
153,25,1,310,24,342,14,342,motion
154,22,314,333,387,383,352,383,motion
154,25,1,310,24,342,14,342,motion
155,22,307,331,388,384,349,384,motion
155,25,1,310,24,342,14,342,motion
156,22,308,337,391,385,350,385,motion
156,25,1,310,24,342,14,342,motion
157,22,312,336,394,386,353,386,motion
158,22,312,336,397,386,355,386,motion
159,22,318,340,404,388,360,388,motion
160,22,314,344,410,388,365,388,motion
161,22,324,345,414,390,366,390,motion
162,22,330,346,418,391,370,391,motion
163,22,334,347,425,391,375,391,motion
164,22,338,347,426,390,381,390,motion
165,22,337,336,433,392,384,392,motion
166,22,339,347,411,394,380,394,motion
167,22,345,346,427,398,389,398,motion
168,22,345,347,437,399,393,399,motion
169,22,356,346,450,400,398,400,motion
170,22,367,342,466,401,411,401,motion
171,22,380,339,473,394,416,394,motion
172,22,390,333,481,392,430,392,motion
173,22,387,337,491,400,436,400,motion
174,22,400,341,499,394,456,394,motion
175,22,414,330,514,392,468,392,motion
176,22,426,323,534,390,482,390,motion
177,22,437,319,550,390,494,390,motion
178,22,444,326,562,388,493,388,motion
179,22,409,319,576,392,486,392,motion
180,22,439,315,590,396,522,396,motion
181,22,443,310,612,402,558,402,motion
182,22,413,308,620,426,533,426,motion
183,22,433,307,617,442,534,442,motion
183,29,375,328,407,364,396,364,motion
184,22,410,306,626,452,523,452,motion
184,29,375,328,407,364,396,364,motion
185,22,410,306,626,452,523,452,motion
185,29,379,328,416,362,401,362,motion
186,22,400,304,631,459,518,459,motion
186,29,379,328,416,362,401,362,motion
187,22,400,304,631,459,518,459,motion
187,29,384,320,442,361,415,361,motion
188,22,400,304,631,459,518,459,motion
188,29,388,322,450,361,418,361,motion
189,22,400,304,631,459,518,459,motion
189,29,392,324,454,361,422,361,motion
190,22,400,304,631,459,518,459,motion
190,29,395,324,461,360,427,360,motion
191,22,402,296,635,414,520,414,motion
191,29,395,324,461,360,427,360,motion
192,22,405,310,574,389,486,389,motion
192,29,395,324,461,360,427,360,motion
193,22,408,317,545,377,485,377,motion
193,29,395,324,461,360,427,360,motion
194,22,410,321,530,369,472,369,motion
194,29,395,324,461,360,427,360,motion
195,22,414,324,523,364,468,364,motion
195,29,395,324,461,360,427,360,motion
196,22,414,325,521,362,466,362,motion
196,34,560,291,621,330,591,330,motion
197,22,415,325,522,361,474,361,motion
197,34,570,291,629,335,596,335,motion
198,22,415,325,523,362,463,362,motion
198,34,570,291,629,335,596,335,motion
199,22,418,325,523,361,478,361,motion
199,34,570,291,629,335,596,335,motion
200,22,425,325,527,360,485,360,motion
200,34,570,291,629,335,596,335,motion
201,22,430,326,530,359,492,359,motion
201,34,570,291,629,335,596,335,motion
202,22,432,325,534,359,499,359,motion
202,34,570,291,629,335,596,335,motion
203,22,433,324,539,361,509,361,motion
204,22,433,323,543,361,501,361,motion
205,22,441,323,546,361,511,361,motion
205,36,30,313,67,349,49,349,motion
206,22,446,324,549,361,517,361,motion
206,36,30,313,67,349,49,349,motion
207,22,450,325,553,361,522,361,motion
207,36,30,313,67,349,49,349,motion
208,22,454,325,556,361,527,361,motion
208,36,30,313,67,349,49,349,motion
208,38,111,344,125,374,120,374,motion
209,22,459,325,559,361,532,361,motion
209,36,27,313,67,348,40,348,motion
209,38,111,344,125,374,120,374,motion
210,22,462,325,563,361,525,361,motion
210,36,25,313,69,347,35,347,motion
210,37,328,323,366,356,343,356,motion
210,38,111,335,126,374,121,374,motion
211,22,465,325,566,361,523,361,motion
211,36,25,313,69,347,35,347,motion
211,37,329,323,368,359,350,359,motion
211,38,112,330,127,374,122,374,motion
212,22,469,325,569,361,533,361,motion
212,36,25,313,69,347,35,347,motion
212,37,341,323,370,360,355,360,motion
212,38,112,336,128,374,123,374,motion
213,22,470,325,571,361,529,361,motion
213,36,25,313,69,347,35,347,motion
213,37,339,322,372,361,358,361,motion
213,38,114,340,129,374,124,374,motion
214,22,475,325,575,361,529,361,motion
214,36,37,313,70,345,47,345,motion
214,37,339,322,375,361,362,361,motion
214,38,110,328,131,374,125,374,motion
215,22,479,325,579,361,533,361,motion
215,36,37,313,70,345,47,345,motion
215,37,339,322,378,362,365,362,motion
215,38,108,323,131,374,126,374,motion
216,22,483,325,583,361,545,361,motion
216,36,37,313,70,345,47,345,motion
216,37,340,322,380,358,356,358,motion
216,38,112,329,132,374,126,374,motion
217,22,486,325,586,361,540,361,motion
217,36,46,314,74,345,61,345,motion
217,37,342,322,382,361,362,361,motion
217,38,112,329,132,374,126,374,motion
218,22,489,325,590,361,526,361,motion
218,36,51,315,77,345,68,345,motion
218,37,343,321,385,358,356,358,motion
218,38,115,337,134,374,128,374,motion
219,22,491,325,593,361,535,361,motion
219,36,51,315,77,345,68,345,motion
219,37,345,320,387,360,364,360,motion
219,38,115,337,134,374,128,374,motion
220,22,495,325,596,361,536,361,motion
220,36,51,315,77,345,68,345,motion
220,37,346,320,389,362,372,362,motion
220,38,115,337,134,374,128,374,motion
221,22,498,325,599,362,550,362,motion
221,36,51,315,77,345,68,345,motion
221,37,348,320,409,362,377,362,motion
221,38,119,340,135,374,130,374,motion
222,22,500,325,602,362,549,362,motion
222,36,51,315,77,345,68,345,motion
222,37,351,320,404,363,380,363,motion
222,38,119,340,135,374,130,374,motion
223,22,503,325,604,362,552,362,motion
223,36,51,315,77,345,68,345,motion
223,37,353,320,403,363,381,363,motion
223,38,122,342,137,374,132,374,motion
224,22,506,325,607,361,556,361,motion
224,37,356,320,403,359,372,359,motion
224,38,122,342,137,374,132,374,motion
225,22,511,325,610,361,544,361,motion
225,37,358,320,413,357,378,357,motion
225,38,122,342,137,374,132,374,motion
226,22,513,326,613,361,554,361,motion
226,37,355,319,418,360,384,360,motion
226,38,122,342,137,374,132,374,motion
227,22,516,326,596,359,551,359,motion
227,37,355,318,418,360,386,360,motion
227,38,122,342,137,374,132,374,motion
228,22,521,326,607,358,548,358,motion
228,37,358,322,419,361,392,361,motion
228,38,122,342,137,374,132,374,motion
229,22,523,326,615,359,545,359,motion
229,37,359,320,421,360,384,360,motion
230,22,526,326,605,357,547,357,motion
230,37,361,318,424,358,382,358,motion
231,22,528,326,616,359,562,359,motion
231,37,361,317,427,358,381,358,motion
232,22,528,326,611,360,557,360,motion
232,37,362,316,430,358,383,358,motion
233,22,529,325,609,360,556,360,motion
233,37,370,316,434,365,400,365,motion
234,22,535,325,607,360,556,360,motion
234,37,377,316,438,362,395,362,motion
235,22,537,325,621,360,558,360,motion
235,37,372,315,450,369,418,369,motion
236,22,541,324,612,360,562,360,motion
236,37,373,314,460,374,431,374,motion
237,22,545,324,613,357,570,357,motion
237,37,373,313,464,378,427,378,motion
238,22,550,324,610,357,575,357,motion
238,37,377,313,473,382,430,382,motion
239,22,555,325,612,358,575,358,motion
239,37,379,312,480,382,441,382,motion
240,22,555,325,612,358,575,358,motion
240,37,381,312,482,383,438,383,motion
241,22,555,325,612,358,575,358,motion
241,37,383,312,484,383,437,383,motion
242,22,562,326,616,358,577,358,motion
242,37,385,311,491,383,446,383,motion
243,22,562,326,616,358,577,358,motion
243,37,390,308,491,378,444,378,motion
244,22,562,326,616,358,577,358,motion
244,37,393,307,502,382,450,382,motion
245,22,562,326,616,358,577,358,motion
245,37,396,306,505,376,451,376,motion
246,22,562,326,616,358,577,358,motion
246,37,398,307,517,383,458,383,motion
247,22,562,326,616,358,577,358,motion
247,37,399,307,527,386,464,386,motion
247,40,228,344,249,374,234,374,motion
248,37,399,307,537,392,468,392,motion
248,40,226,344,246,374,233,374,motion
249,37,400,306,545,395,473,395,motion
249,40,225,343,244,375,232,375,motion
250,37,409,306,553,397,481,397,motion
250,40,223,343,245,375,231,375,motion
251,37,414,305,592,401,503,401,motion
251,40,223,343,245,375,231,375,motion
252,37,419,303,591,405,505,405,motion
252,40,220,342,240,376,230,376,motion
253,37,465,301,597,401,531,401,motion
253,40,217,343,236,377,228,377,motion
254,37,450,301,605,401,528,401,motion
254,40,214,344,233,377,227,377,motion
255,37,483,301,616,403,549,403,motion
255,40,213,343,235,378,226,378,motion
256,37,468,300,626,405,547,405,motion
256,40,210,344,235,378,224,378,motion
257,37,463,299,632,405,547,405,motion
257,40,209,343,235,375,224,375,motion
258,37,462,298,635,408,548,408,motion
258,40,208,341,235,373,223,373,motion
259,37,464,297,636,407,550,407,motion
259,40,207,340,236,376,220,376,motion
260,37,511,292,634,405,573,405,motion
260,40,205,340,235,378,217,378,motion
261,37,544,292,636,404,590,404,motion
261,40,203,340,233,379,214,379,motion
262,37,565,305,637,405,601,405,motion
262,40,201,340,232,380,211,380,motion
262,41,503,360,547,394,532,394,motion
263,37,589,324,638,405,613,405,motion
263,40,199,341,231,380,207,380,motion
263,41,500,331,561,399,535,399,motion
264,37,562,338,617,406,601,406,motion
264,40,196,341,230,381,205,381,motion
264,41,500,331,561,399,535,399,motion
265,37,553,349,614,412,602,412,motion
265,40,194,341,229,382,202,382,motion
265,41,500,331,561,399,535,399,motion
266,37,543,354,618,410,604,410,motion
266,40,192,341,228,382,199,382,motion
266,41,500,331,561,399,535,399,motion
266,42,504,289,546,324,510,324,motion
267,37,538,352,627,413,616,413,motion
267,40,190,338,227,383,196,383,motion
267,41,500,331,561,399,535,399,motion
267,42,512,288,554,322,520,322,motion
268,37,543,352,632,416,606,416,motion
268,40,187,331,226,383,200,383,motion
268,41,500,331,561,399,535,399,motion
268,42,515,287,563,321,526,321,motion
269,37,547,349,630,417,593,417,motion
269,40,184,331,224,384,194,384,motion
269,42,515,287,563,321,526,321,motion
270,37,561,351,634,415,598,415,motion
270,40,181,335,223,385,189,385,motion
270,42,526,284,581,317,556,317,motion
271,37,559,318,636,403,598,403,motion
271,40,176,336,221,389,183,389,motion
271,42,526,284,581,317,556,317,motion
272,37,588,331,637,391,612,391,motion
272,40,174,333,217,391,178,391,motion
272,42,526,284,581,317,556,317,motion
273,37,588,331,637,391,612,391,motion
273,40,169,336,214,393,173,393,motion
273,42,526,284,581,317,556,317,motion
274,37,588,331,637,391,612,391,motion
274,40,160,339,211,394,169,394,motion
274,42,526,284,581,317,556,317,motion
275,37,588,331,637,391,612,391,motion
275,40,154,331,207,395,171,395,motion
275,42,526,284,581,317,556,317,motion
276,37,588,331,637,391,612,391,motion
276,40,145,335,207,395,160,395,motion
277,37,588,331,637,391,612,391,motion
277,40,142,333,206,395,156,395,motion
278,40,135,336,203,396,150,396,motion
279,40,132,336,204,396,145,396,motion
280,40,130,329,204,396,154,396,motion
281,40,126,333,200,396,148,396,motion
282,40,126,336,195,396,142,396,motion
283,40,123,338,191,396,138,396,motion
284,40,121,339,188,393,136,393,motion
285,40,116,338,184,391,129,391,motion
286,40,111,330,181,394,135,394,motion
287,40,104,333,178,392,135,392,motion
288,40,95,338,173,391,123,391,motion
289,40,88,344,168,391,122,391,motion
290,40,87,342,165,387,123,387,motion
291,40,78,331,159,388,117,388,motion
292,40,70,335,155,389,111,389,motion
293,40,62,338,149,391,100,391,motion
293,45,304,342,323,373,317,373,motion
294,40,55,337,146,392,92,392,motion
294,45,303,340,325,374,318,374,motion
295,40,48,334,140,392,86,392,motion
295,45,303,337,327,375,320,375,motion
296,40,41,330,135,393,86,393,motion
296,45,303,335,329,375,322,375,motion
297,40,33,322,129,393,84,393,motion
297,45,303,334,331,376,321,376,motion
298,40,25,317,124,393,76,393,motion
298,45,311,338,333,377,323,377,motion
299,40,17,316,118,393,69,393,motion
299,45,316,341,336,379,326,379,motion
300,40,9,315,112,392,61,392,motion
300,45,320,338,338,379,329,379,motion
301,40,5,313,105,391,55,391,motion
301,45,313,331,340,380,327,380,motion
302,40,2,324,97,392,50,392,motion
302,45,316,333,344,381,332,381,motion
303,40,1,329,90,390,46,390,motion
303,45,318,333,347,383,338,383,motion
304,40,0,331,84,392,42,392,motion
304,45,319,338,350,384,343,384,motion
305,40,0,322,75,386,38,386,motion
305,45,325,341,353,385,348,385,motion
306,40,0,330,69,389,34,389,motion
306,45,330,343,356,386,352,386,motion
307,40,0,320,61,391,30,391,motion
307,45,334,345,360,387,355,387,motion
308,40,0,327,51,391,25,391,motion
308,45,339,345,365,389,361,389,motion
309,40,0,333,42,384,20,384,motion
309,45,342,336,370,390,361,390,motion
310,40,0,338,38,388,18,388,motion
310,45,346,339,374,392,368,392,motion
311,40,0,337,30,388,11,388,static
311,45,349,336,379,393,368,393,motion
312,40,0,343,25,390,9,390,motion+static
312,45,352,336,383,394,375,394,motion
313,40,0,343,25,390,9,390,motion+static
313,45,356,336,388,396,381,396,motion
314,40,0,343,25,390,9,390,motion+static
314,45,358,332,393,397,381,397,motion
315,40,0,343,25,390,9,390,motion+static
315,45,358,337,401,400,392,400,motion
316,40,0,343,25,390,9,390,motion+static
316,45,367,325,407,388,400,388,motion
317,40,0,343,25,390,9,390,motion+static
317,45,378,333,414,382,407,382,motion
318,45,385,337,420,379,414,379,motion
319,45,389,325,430,394,416,394,motion
320,45,394,333,440,403,426,403,motion
321,45,400,322,450,410,430,410,motion
322,45,405,334,460,416,443,416,motion
323,45,417,336,466,410,447,410,motion
324,45,419,322,473,400,449,400,motion
325,45,432,332,483,405,461,405,motion
326,45,446,338,494,409,475,409,motion
327,45,456,344,511,424,495,424,motion
327,46,441,298,466,335,453,335,motion
328,45,456,330,528,435,498,435,motion
328,46,441,298,466,335,453,335,motion
329,45,460,312,554,448,510,448,motion
329,46,441,298,466,335,453,335,motion
330,45,469,301,579,445,526,445,motion
330,46,441,298,466,335,453,335,motion
331,45,476,303,602,438,540,438,motion
331,46,441,298,466,335,453,335,motion
331,47,62,316,154,375,144,375,motion
332,45,486,294,618,431,553,431,motion
332,46,441,298,466,335,453,335,motion
332,47,62,316,154,375,145,375,motion
333,45,510,287,627,415,569,415,motion
333,47,63,316,134,366,126,366,motion
334,45,531,281,632,399,582,399,motion
334,47,72,316,144,369,123,369,motion
335,45,547,276,635,394,591,394,motion
335,47,68,316,151,371,137,371,motion
336,45,563,284,637,423,600,423,motion
336,47,64,315,155,373,125,373,motion
337,45,579,324,637,416,613,416,motion
337,47,62,314,158,373,119,373,motion
338,45,579,324,637,416,613,416,motion
338,47,64,314,138,367,105,367,motion
339,45,579,324,637,416,613,416,motion
339,47,61,313,151,370,109,370,motion
340,45,579,324,637,416,613,416,motion
340,47,61,314,159,372,112,372,motion
341,45,579,324,637,416,613,416,motion
341,47,62,314,145,367,104,367,motion
341,48,143,345,165,376,157,376,motion
342,45,579,324,637,416,613,416,motion
342,47,67,307,162,372,115,372,motion
342,48,143,345,165,376,157,376,motion
343,47,69,304,171,374,120,374,motion
343,48,143,345,165,376,157,376,motion
344,47,77,302,176,375,127,375,motion
344,48,143,345,165,376,157,376,motion
345,47,79,299,180,376,130,376,motion
345,48,143,345,165,376,157,376,motion
